{"loss": 0.0020570496562868357, "_timestamp": 1670826470.9262786, "_runtime": 510.8370065689087, "_step": 8584, "train acc": 0.9944727891156463, "epoch": 29, "val acc": 0.871404399323181, "test acc": 0.8473998294970162, "_wandb": {"runtime": 509}}