{"loss": 5.3054714953759685e-05, "_timestamp": 1670828805.639013, "_runtime": 2224.536087036133, "_step": 8584, "train acc": 0.9952168367346939, "epoch": 29, "val acc": 0.9052453468697124, "test acc": 0.8806479113384484, "_wandb": {"runtime": 2220}}